City_ID,City,Lat,Lng,Max Temp,Humidity,Cloudiness,Wind Speed,Country,Date
0,adamstown,-25.066,-130.1015,20.35,69,100,6.8,PN,1729709322
1,waitangi,-43.9535,-176.5597,13.79,96,42,1.34,NZ,1729709323
2,port-aux-francais,-49.35,70.2167,2.62,70,89,13.92,TF,1729709324
3,blackmans bay,-43.0167,147.3167,9.07,76,13,6.33,AU,1729709325
4,karymskoye,51.6167,114.35,-6.08,97,100,0.57,RU,1729709326
5,hobyo,5.3505,48.5268,26.35,87,22,8.89,SO,1729709327
6,east london,-33.0153,27.9116,16.52,94,0,1.54,ZA,1729709328
7,margaret river,-33.95,115.0667,9.19,88,4,2.96,AU,1729709329
8,kodiak,57.79,-152.4072,6.73,49,0,3.09,US,1729709092
9,port elizabeth,-33.918,25.5701,17.4,96,27,1.79,ZA,1729709332
10,yellowknife,62.456,-114.3525,1.34,87,20,5.66,CA,1729709333
11,maintirano,-18.0667,44.0167,25.65,81,0,1.4,MG,1729709334
12,san antonio de pale,-1.4014,5.6325,25.71,85,62,7.28,GQ,1729709335
13,georgetown,5.4112,100.3354,26.97,78,20,1.54,MY,1729709238
14,dawesville,30.9224,-84.0091,28.23,46,40,3.6,US,1729709337
15,bargaal,11.2864,51.0773,26.5,88,18,2.73,SO,1729709338
16,grytviken,-54.2811,-36.5092,-2.4,73,22,10.35,GS,1729709340
17,tiksi,71.6872,128.8694,-20.21,93,73,1.27,RU,1729709341
18,santiago de cao,-7.9589,-79.2392,19.07,82,75,5.66,PE,1729709342
19,holualoa,19.6228,-155.9522,26.02,74,20,2.57,US,1729709343
20,anadyr,64.75,177.4833,-6.72,73,0,8.0,RU,1729709344
21,cockburn town,21.4612,-71.1419,29.04,76,58,6.5,TC,1729709346
22,remire-montjoly,4.9167,-52.2667,28.02,89,75,1.54,GF,1729709347
23,puerto natales,-51.7236,-72.4875,17.25,39,75,10.8,CL,1729709294
24,guaruja,-23.9931,-46.2564,23.27,41,100,1.03,BR,1729709349
25,keflavik,64.0049,-22.5624,6.24,93,75,4.63,IS,1729709350
26,jamestown,42.097,-79.2353,22.79,45,40,6.69,US,1729709186
27,saipan,15.1355,145.701,28.39,83,20,6.17,MP,1729709352
28,tigpalay,7.4939,122.3431,24.45,91,100,1.07,PH,1729709354
29,udachny,66.4167,112.4,-15.01,97,99,1.29,RU,1729709355
30,hunchun,42.8675,130.3581,4.43,71,3,4.12,CN,1729709356
31,amga,60.8953,131.9608,-9.65,92,100,2.02,RU,1729709357
32,oriximina,-1.7656,-55.8661,36.48,37,100,2.89,BR,1729709358
33,murun-kuren,49.6342,100.1625,1.71,92,99,1.04,MN,1729709359
34,atafu village,-8.5421,-172.5159,28.64,74,100,9.42,TK,1729709360
35,westerland,54.9079,8.3033,12.01,94,40,4.63,DE,1729709361
36,vorgashor,67.5833,63.95,-5.34,92,89,2.7,RU,1729709363
37,cienfuegos,22.1461,-80.4356,31.08,62,40,2.57,CU,1729709364
38,utrik,11.2278,169.8474,28.31,81,77,4.56,MH,1729709365
39,chincha alta,-13.4099,-76.1323,21.59,71,23,3.66,PE,1729709366
40,cabedelo,-6.9811,-34.8339,29.37,66,47,6.49,BR,1729709335
41,sitka,57.0531,-135.33,4.94,87,100,2.06,US,1729709368
42,isafjordur,66.0755,-23.124,1.02,93,100,2.06,IS,1729709369
43,klyuchi,52.2667,79.1667,5.92,83,98,4.2,RU,1729709370
44,barcelos,41.5388,-8.6151,18.37,71,0,0.86,PT,1729709372
45,badger,64.8,-147.5333,-0.07,84,75,7.2,US,1729709373
46,hammerfest,70.6634,23.6821,2.25,93,20,0.0,NO,1729709375
47,bethel,41.3712,-73.414,24.65,56,0,5.14,US,1729709376
48,bamboo flat,11.7,92.7167,26.05,94,75,1.03,IN,1729709377
49,la ronge,55.1001,-105.2842,6.14,56,75,9.26,CA,1729709378
50,papatowai,-46.5619,169.4708,12.89,98,100,2.01,NZ,1729709380
51,lompoc,34.6391,-120.4579,28.96,43,20,1.54,US,1729709298
52,albany,42.6001,-73.9662,25.51,34,3,0.89,US,1729709382
53,beledweyne,4.7358,45.2036,28.5,64,30,5.86,SO,1729709383
54,edinburgh of the seven seas,-37.0676,-12.3116,14.79,83,100,15.69,SH,1729709384
55,plastun,44.7561,136.2939,5.1,82,8,5.48,RU,1729709385
56,keelung,25.1283,121.7419,23.94,91,100,8.48,TW,1729709386
57,kusheriki,10.5328,6.4422,26.79,46,100,2.17,NG,1729709387
58,fort mcmurray,56.7268,-111.381,4.77,65,100,5.66,CA,1729709388
59,luderitz,-26.6481,15.1594,15.36,88,16,1.97,NA,1729709390
60,rongelap,11.1635,166.8941,28.29,81,99,4.78,MH,1729709391
61,iqaluit,63.7506,-68.5145,-3.15,63,75,3.09,CA,1729709393
62,manzini,-26.25,31.5,18.5,79,100,2.17,SZ,1729709394
63,hawaiian paradise park,19.5933,-154.9731,23.83,98,100,2.57,US,1729709395
64,kiffa,16.6166,-11.4045,35.0,14,19,2.89,MR,1729709396
65,semey,50.4111,80.2275,7.12,74,99,3.24,KZ,1729709397
66,chicoana,-25.1009,-65.5331,31.03,36,0,5.12,AR,1729709399
67,college,64.8569,-147.8028,-0.52,78,100,4.29,US,1729709400
68,bredasdorp,-34.5322,20.0403,15.88,89,99,1.03,ZA,1729709401
69,shahdad kot,27.8477,67.9055,27.98,20,0,3.66,PK,1729709402
70,stanley,54.868,-1.6985,11.27,86,40,2.57,GB,1729709177
71,ust-nera,64.5667,143.2,-18.11,98,100,2.1,RU,1729709404
72,malabrigo,-29.3464,-59.9696,31.73,50,100,2.82,AR,1729709405
73,manakara,-22.1333,48.0167,21.61,89,12,3.38,MG,1729709407
74,khandyga,62.6667,135.6,-11.88,86,100,1.39,RU,1729709408
75,vorkuta,67.5,64.0,-5.72,93,89,2.15,RU,1729709409
76,mount gambier,-37.8333,140.7667,7.17,80,20,3.08,AU,1729709410
77,sabang,5.8933,95.3214,28.29,78,91,7.71,ID,1729709411
78,codrington,-38.2667,141.9667,7.91,77,21,5.15,AU,1729709412
79,tralee,52.2704,-9.7026,12.98,82,100,6.69,IE,1729709413
80,ternate,0.8,127.4,27.34,75,95,3.15,ID,1729709414
81,santo tome,-31.6627,-60.7653,32.54,49,42,5.39,AR,1729709415
82,puerto ayora,-0.7393,-90.3518,22.53,91,88,3.58,EC,1729709417
83,cabo san lucas,22.8909,-109.9124,32.64,48,0,2.06,MX,1729709418
84,dalnegorsk,44.5604,135.5701,3.9,91,100,5.31,RU,1729709419
85,bilibino,68.0546,166.4372,-17.58,99,100,1.25,RU,1729709420
86,chonchi,-42.6128,-73.8092,19.51,55,9,0.1,CL,1729709421
87,namibe,-15.1961,12.1522,19.46,73,75,4.81,AO,1729709423
88,whitehorse,60.7161,-135.0538,-0.5,92,100,1.54,CA,1729709424
89,saldanha,-33.0117,17.9442,16.56,74,100,3.33,ZA,1729709426
90,baiyin,36.5583,104.2081,9.6,48,0,0.49,CN,1729709427
91,chibougamau,49.9168,-74.3659,7.79,93,100,9.77,CA,1729709238
92,lebu,-37.6167,-73.65,14.77,82,97,5.01,CL,1729709429
93,horta,38.5333,-28.6333,20.01,80,40,3.09,PT,1729709430
94,ushuaia,-54.8,-68.3,10.81,58,40,9.26,AR,1729709431
95,international falls,48.6011,-93.411,4.1,70,100,5.14,US,1729709432
96,port alfred,-33.5906,26.891,17.32,94,70,1.34,ZA,1729709433
97,nabire,-3.3667,135.4833,23.56,93,100,1.46,ID,1729709435
98,sefaatli,39.5043,34.7563,7.16,67,0,2.29,TR,1729709436
99,dunedin,-45.8742,170.5036,13.22,93,100,2.24,NZ,1729709437
100,kirakira,-10.4544,161.9205,25.9,86,32,3.76,SB,1729709438
101,invercargill,-46.4,168.35,12.23,99,100,2.24,NZ,1729709370
102,ilulissat,69.2167,-51.1,0.01,80,75,4.12,GL,1729709440
103,macau,22.2006,113.5461,23.85,60,0,10.29,MO,1729709441
104,thompson,55.7435,-97.8558,0.09,86,100,6.69,CA,1729709442
105,bomdila,27.25,92.4,6.79,63,98,2.14,IN,1729709444
106,mira,45.4358,12.1348,16.24,96,75,3.6,IT,1729709445
107,newman,37.3138,-121.0208,22.8,38,0,2.24,US,1729709446
108,scottburgh,-30.2867,30.7532,18.85,77,5,7.45,ZA,1729709447
109,wailua homesteads,22.0669,-159.378,25.44,92,40,1.54,US,1729709448
110,hithadhoo,-0.6,73.0833,28.02,74,100,4.05,MV,1729709449
111,zhezqazghan,47.7833,67.7667,7.36,65,100,7.57,KZ,1729709450
112,siluko,6.5386,5.1609,24.37,97,100,1.39,NG,1729709451
113,longyearbyen,78.2186,15.6401,1.91,87,75,1.54,SJ,1729709453
114,iskateley,67.6803,53.1512,3.97,95,100,3.55,RU,1729709454
115,coquimbo,-29.9533,-71.3436,18.85,61,0,7.72,CL,1729709392
116,bel ombre,-4.6167,55.4167,26.91,78,20,1.54,SC,1729709457
117,ribeira grande,38.5167,-28.7,20.43,73,40,3.09,PT,1729709458
118,takoradi,4.8845,-1.7554,25.46,89,84,3.67,GH,1729709424
119,hasaki,35.7333,140.8333,23.93,88,0,4.51,JP,1729709461
120,miri,4.4148,114.0089,29.08,79,40,2.57,MY,1729709458
121,praia da vitoria,38.7333,-27.0667,19.14,88,20,7.03,PT,1729709315
122,kailua-kona,19.6406,-155.9956,28.09,74,20,2.57,US,1729709464
123,petrolina,-9.3986,-40.5008,34.03,31,0,4.63,BR,1729709466
124,new norfolk,-42.7826,147.0587,8.17,80,7,2.61,AU,1729709467
125,soledade,-28.8183,-52.5103,21.43,92,100,3.23,BR,1729709301
126,egilsstadir,65.2653,-14.3948,0.95,100,75,3.6,IS,1729709470
127,talnakh,69.4865,88.3972,-19.08,93,66,3.26,RU,1729709471
128,summerside,46.3959,-63.7876,18.07,82,0,7.72,CA,1729709472
129,revda,56.801,59.9303,6.06,91,100,4.16,RU,1729709473
130,freetown,8.484,-13.2299,26.25,83,85,3.15,SL,1729709474
131,potosi,-19.5836,-65.7531,18.48,34,40,6.17,BO,1729709233
132,dudinka,69.4058,86.1778,-19.39,99,100,2.8,RU,1729709476
133,ancud,-41.8697,-73.8203,13.35,75,9,5.07,CL,1729709477
134,general acha,-37.377,-64.6043,19.66,54,100,2.79,AR,1729709479
135,colonia,50.9333,6.95,11.64,84,0,2.1,DE,1729709481
136,nar'yan-mar,67.6713,53.087,4.1,95,100,3.56,RU,1729709482
137,ponta delgada,37.7333,-25.6667,20.4,94,40,5.14,PT,1729709483
138,hermanus,-34.4187,19.2345,19.33,59,65,3.46,ZA,1729709484
139,gangapur,26.4833,76.7167,26.5,28,36,2.26,IN,1729709486
140,tual,-5.6667,132.75,26.48,79,99,1.92,ID,1729709487
141,naama,33.2667,-0.3167,17.75,39,100,2.78,DZ,1729709488
142,dong ha,16.8163,107.1003,22.77,87,100,2.58,VN,1729709489
143,boa vista,2.8197,-60.6733,34.99,38,75,5.66,BR,1729709204
144,qaqortoq,60.7167,-46.0333,-0.33,76,100,0.82,GL,1729709491
145,dehdasht,30.7949,50.5646,18.93,49,12,1.08,IR,1729709492
146,manokwari,-0.8667,134.0833,25.67,80,100,3.1,ID,1729709494
147,nova sintra,14.8667,-24.7167,26.2,75,45,4.79,CV,1729709496
148,zarzis,33.504,11.1122,24.11,79,8,11.69,TN,1729709497
149,arraial do cabo,-22.9661,-42.0278,31.98,69,0,6.17,BR,1729709420
150,sampit,-2.5333,112.95,24.21,91,100,0.62,ID,1729709499
151,petropavlovsk-kamchatsky,53.0452,158.6483,4.33,70,75,3.0,RU,1729709500
152,kushima,31.4583,131.2333,21.16,88,100,1.78,JP,1729709501
153,arkhangel'sk,64.5401,40.5433,6.06,93,100,5.0,RU,1729709502
154,tazacorte,28.629,-17.9293,22.54,91,40,3.6,ES,1729709505
155,punta arenas,-53.15,-70.9167,14.06,44,0,9.77,CL,1729709506
156,olonkinbyen,70.9221,-8.7187,-1.12,84,100,0.58,SJ,1729709507
157,dakingari,11.6451,4.0605,31.23,48,19,1.39,NG,1729709508
158,bousso,10.4795,16.7117,28.54,39,27,0.21,TD,1729709510
159,mejit,10.2753,170.8646,28.55,77,66,5.63,MH,1729709511
160,weno,7.4515,151.8468,26.97,89,100,3.6,FM,1729709512
161,kayyerkan,69.3786,87.7439,-18.47,93,82,2.65,RU,1729709513
162,avarua,-21.2078,-159.775,23.03,78,75,4.63,CK,1729709492
163,na klang,17.3072,102.1889,24.13,78,100,1.62,TH,1729709515
164,happy valley-goose bay,53.3168,-60.3315,19.17,52,75,6.17,CA,1729709516
165,reggane,26.7158,0.1714,25.52,28,1,4.56,DZ,1729709517
166,carutapera,-1.195,-46.02,29.26,64,100,5.24,BR,1729709519
167,port augusta,-32.5,137.7667,12.52,72,8,4.74,AU,1729709520
168,bambari,5.768,20.6757,23.65,89,25,0.56,CF,1729709521
169,canas,10.4294,-85.0931,30.62,70,22,3.46,CR,1729709522
170,jinchang,38.4953,102.1739,10.44,27,0,0.05,CN,1729709523
171,suntar,62.1444,117.6319,-8.76,96,99,2.14,RU,1729709524
172,kuala tungkal,-0.8167,103.4667,26.14,82,100,0.98,ID,1729709525
173,talcahuano,-36.7167,-73.1167,13.82,82,100,3.6,CL,1729709526
174,haiku-pauwela,20.9219,-156.3051,26.2,76,40,8.49,US,1729709527
175,worthing,50.8145,-0.3713,12.94,83,0,3.6,GB,1729709529
176,rio grande,-32.035,-52.0986,21.17,87,100,6.32,BR,1729709530
177,piton saint-leu,-21.2196,55.3151,22.06,53,100,3.09,RE,1729709531
178,port mathurin,-19.6833,63.4167,23.02,90,100,11.86,MU,1729709532
179,otacilio costa,-27.4831,-50.1219,20.09,95,100,1.41,BR,1729709533
180,johi,26.6921,67.6133,30.88,17,0,3.63,PK,1729709535
181,severo-vostotchnyi bank,39.4112,49.2479,14.28,61,3,1.39,AZ,1729709536
182,labasa,-16.4167,179.3833,22.81,86,96,3.4,FJ,1729709537
183,port lincoln,-34.7333,135.8667,13.82,52,98,5.46,AU,1729709538
184,dalandzadgad,43.5708,104.425,8.97,39,67,2.91,MN,1729709539
185,kone,-21.0595,164.8658,20.16,91,0,2.05,NC,1729709540
186,kavaratti,10.5669,72.642,27.66,76,99,0.93,IN,1729709541
187,punta cana,18.5818,-68.4043,31.87,70,40,4.12,DO,1729709543
188,la sarre,48.8002,-79.1996,3.35,92,100,5.23,CA,1729709350
189,coahuayana de hidalgo,18.7,-103.6583,32.2,64,29,2.83,MX,1729709546
190,fortuna,40.5982,-124.1573,11.1,100,100,4.12,US,1729709547
191,loen,7.7601,168.2307,28.99,74,41,5.16,MH,1729709548
192,dwarka,22.2394,68.9678,28.89,72,3,3.1,IN,1729709549
193,vilyuchinsk,52.9306,158.4028,5.15,86,100,3.08,RU,1729709550
194,bardai,11.65,7.2333,26.57,27,100,3.02,NG,1729709552
195,vila velha,-20.3297,-40.2925,29.97,74,20,8.23,BR,1729709347
196,bushehr,28.9684,50.8385,26.05,61,75,3.09,IR,1729709554
197,raseiniai,55.3736,23.1217,7.75,90,0,4.85,LT,1729709555
198,verkhnevilyuysk,63.4453,120.3167,-11.01,93,100,3.35,RU,1729709556
199,amos,48.5669,-78.1162,4.11,85,100,4.25,CA,1729709557
200,souillac,-20.5167,57.5167,23.21,78,75,6.69,MU,1729709558
201,olinda,-8.0089,-34.8553,27.85,65,40,5.66,BR,1729709503
202,minas de marcona,-15.2119,-75.1103,20.0,56,0,8.71,PE,1729709560
203,lingyuan,41.24,119.4011,5.85,63,0,1.95,CN,1729709562
204,totness,5.8833,-56.3167,30.36,65,26,4.95,SR,1729709563
205,san luis de la loma,17.2706,-100.8939,29.78,73,100,3.39,MX,1729709566
206,zilair,52.2332,57.4392,6.18,75,100,3.43,RU,1729709567
207,fort bragg,35.139,-79.006,28.28,44,0,1.54,US,1729709569
208,gamba,-2.65,10.0,24.81,92,100,4.17,GA,1729709570
209,sinabang,2.4803,96.3801,26.29,82,94,1.22,ID,1729709571
210,west island,-12.1568,96.8225,25.99,83,75,4.63,CC,1729709572
211,fortaleza,-3.7227,-38.5247,30.07,54,0,7.72,BR,1729709478
212,bitkine,11.9801,18.2138,30.11,24,78,1.89,TD,1729709574
213,lerwick,60.1545,-1.1494,12.1,83,100,9.43,GB,1729709575
214,buala,-8.145,159.5921,26.31,85,100,3.44,SB,1729709576
215,suez,29.9737,32.5263,17.55,47,0,5.44,EG,1729709578
216,kavieng,-2.5744,150.7967,27.67,83,100,8.95,PG,1729709579
217,montmagny,48.9734,2.3469,12.38,81,0,3.6,FR,1729709580
218,choyr,46.3611,108.3611,1.29,64,29,3.48,MN,1729709581
219,hotan,37.0997,79.9269,12.39,20,0,2.1,CN,1729709582
220,perene,-10.9492,-75.2261,26.3,87,100,1.74,PE,1729709583
221,zagora,30.3484,-5.8365,24.05,31,84,3.61,MA,1729709584
222,alofi,-19.0595,-169.9187,23.94,78,75,7.2,NU,1729709585
223,biltine,14.5333,20.9167,31.49,18,46,3.4,TD,1729709586
224,gaspe,48.8334,-64.4819,19.12,55,20,5.66,CA,1729709299
225,ulan-ude,51.8261,107.6098,-3.06,86,100,1.0,RU,1729709590
226,kalymnos,36.95,26.9833,18.74,68,0,4.12,GR,1729709591
227,eseka,3.65,10.7667,23.12,99,91,1.23,CM,1729709592
228,alenquer,-1.9417,-54.7383,37.55,32,100,3.54,BR,1729709593
229,maragogi,-9.0122,-35.2225,27.09,64,55,4.73,BR,1729709594
230,patnanungan,14.7833,122.1833,26.9,85,100,11.26,PH,1729709595
231,kismayo,-0.3582,42.5454,26.23,76,5,6.51,SO,1729709597
232,quellon,-43.1167,-73.6167,14.61,71,21,2.21,CL,1729709598
233,san patricio,28.017,-97.5169,29.97,40,0,3.49,US,1729709599
234,richards bay,-28.783,32.0377,20.2,83,98,6.5,ZA,1729709600
235,dolbeau-mistassini,48.8763,-72.212,18.26,51,100,7.62,CA,1729709601
236,ibotirama,-12.1853,-43.2206,35.44,24,6,1.7,BR,1729709525
237,quiberon,47.4841,-3.1196,14.0,79,0,7.44,FR,1729709603
238,bislig,8.2167,126.2833,23.99,83,96,1.98,PH,1729709604
239,bryne,58.7354,5.6477,11.24,90,75,3.6,NO,1729709605
240,tadine,-21.55,167.8833,22.31,84,13,5.78,NC,1729709607
241,bayanhongor,46.7167,100.1167,-6.86,81,50,1.77,MN,1729709608
242,tolanaro,-25.0319,46.9987,22.04,94,40,9.77,MG,1729709609
243,nadi,-17.8,177.4167,22.0,83,100,2.06,FJ,1729709610
244,alice springs,-23.7,133.8833,21.75,37,16,2.57,AU,1729709611
245,sanshui,23.1549,112.8916,17.2,65,100,3.45,CN,1729709612
246,buzuluk,52.7807,52.2635,9.53,88,100,3.58,RU,1729709613
247,guariba,-21.36,-48.2283,28.64,55,100,2.7,BR,1729709403
248,zaozersk,69.4005,32.4476,2.22,89,6,2.87,RU,1729709616
249,sao gabriel da cachoeira,-0.1303,-67.0892,30.89,70,20,2.57,BR,1729709595
250,belyy yar,53.6039,91.3903,1.94,93,40,1.0,RU,1729709618
251,salinopolis,-0.6136,-47.3561,27.97,71,78,6.7,BR,1729709619
252,beatrice,40.2681,-96.747,17.05,39,0,3.09,US,1729709607
253,fukuecho,32.6881,128.8419,19.92,65,95,6.46,JP,1729709621
254,sisimiut,66.9395,-53.6735,-1.87,82,100,5.28,GL,1729709622
255,fada,7.25,4.0667,28.37,78,20,1.03,NG,1729709623
256,warrnambool,-38.3833,142.4833,10.03,72,44,5.93,AU,1729709624
257,laranjeiras do sul,-25.4078,-52.4161,28.12,58,0,2.35,BR,1729709626
258,gotsucho,35.0,132.2167,16.17,75,100,1.26,JP,1729709627
259,hadibu,12.65,54.0333,27.07,83,64,0.15,YE,1729709628
260,durango,24.8333,-104.8333,24.15,31,0,4.72,MX,1729709629
261,umm kaddadah,13.6017,26.6876,32.26,18,3,5.84,SD,1729709630
262,enewetak,11.3474,162.3373,28.39,80,100,5.74,MH,1729709631
263,kuching,1.55,110.3333,26.12,92,20,1.54,MY,1729709632
264,aasiaat,68.7098,-52.8699,-4.65,91,96,3.61,GL,1729709634
265,nizhnyaya tavda,57.6731,66.1725,6.6,92,100,4.11,RU,1729709635
266,constantia,44.1833,28.65,10.39,54,43,3.96,RO,1729709636
267,sur,22.5667,59.5289,27.61,74,2,3.03,OM,1729709637
268,igrim,63.1906,64.4162,1.6,99,100,0.17,RU,1729709638
269,tura,25.5198,90.2201,21.86,96,100,1.46,IN,1729709639
270,kaliganj,23.4095,89.1402,24.31,93,100,3.93,BD,1729709640
271,st. john's,47.5649,-52.7093,13.66,57,40,12.86,CA,1729709461
272,el calafate,-50.3408,-72.2768,11.96,60,100,3.77,AR,1729709343
273,santa elena de uairen,4.6167,-61.1333,30.33,31,100,3.54,VE,1729709644
274,hluti,-27.2167,31.6167,17.85,80,97,1.15,SZ,1729709645
275,afaahiti,-17.75,-149.2833,24.93,86,100,7.75,PF,1729709646
276,al wajh,26.2455,36.4525,27.97,47,0,3.6,SA,1729709647
277,fale old settlement,-9.3852,-171.2468,28.75,72,28,8.35,TK,1729709649
278,kaga bandoro,6.9896,19.1874,23.56,91,87,1.46,CF,1729709650
279,lospalos,-8.5186,127.0025,22.47,78,0,0.51,TL,1729709651
280,bonthe,7.5264,-12.505,26.04,86,65,3.6,SL,1729709652
281,senador jose porfirio,-2.5908,-51.9542,34.35,39,98,1.57,BR,1729709653
282,vadso,70.0744,29.7487,2.09,93,75,5.14,NO,1729709654
283,berdsk,54.7551,83.0967,5.57,89,100,4.47,RU,1729709655
284,songling,31.1933,120.7176,13.25,77,0,2.14,CN,1729709658
285,malango,-2.9627,119.9001,18.05,96,100,1.34,ID,1729709659
286,saint-philippe,-21.3585,55.7679,22.11,83,36,5.74,RE,1729709660
287,tayaman,13.2295,120.5726,24.37,97,100,15.14,PH,1729709661
288,kashima-shi,35.9654,140.6447,21.05,92,97,2.69,JP,1729709662
289,hengyang,26.8881,112.615,13.51,65,4,1.47,CN,1729709498
290,pisco,-13.7,-76.2167,21.68,77,0,4.63,PE,1729709664
291,kapuskasing,49.4169,-82.4331,3.05,81,100,5.66,CA,1729709665
292,dahab,28.501,34.5134,24.15,28,0,5.69,EG,1729709666
293,nizhnyaya poyma,56.1622,97.1933,-5.34,87,100,1.25,RU,1729709668
294,ghat,24.9647,10.1728,29.54,16,1,2.62,LY,1729709669
295,mahajanga,-15.7167,46.3167,28.01,65,40,1.03,MG,1729709585
296,itoman,26.1247,127.6694,25.01,94,75,5.14,JP,1729709671
297,al kharj,24.155,47.3346,30.32,25,2,4.44,SA,1729709672
298,talara,-4.5772,-81.2719,24.42,69,0,8.75,PE,1729709673
299,mahalapye,-23.1041,26.8142,27.56,16,0,3.14,BW,1729709674
300,jaito,30.4667,74.8833,22.58,33,0,1.73,IN,1729709675
301,agua prieta,31.3,-109.5667,28.44,17,0,2.06,MX,1729709677
302,papao,-17.75,-149.55,28.82,81,100,7.69,PF,1729709678
303,val-d'or,48.1002,-77.7828,6.05,93,100,4.63,CA,1729709679
304,ebaye,8.7748,167.7392,28.01,83,40,4.22,MH,1729709496
305,crane,31.3974,-102.3501,31.5,29,1,4.89,US,1729709681
306,manaure,11.7751,-72.4445,30.07,70,82,5.59,CO,1729709682
307,qeshm,26.9581,56.2719,29.03,78,0,4.28,IR,1729709683
308,margate,51.3813,1.3862,11.5,88,6,3.17,GB,1729709684
309,mukalla,14.5425,49.1242,27.01,82,12,3.14,YE,1729709685
310,forster,-32.1667,152.5167,15.77,100,100,1.79,AU,1729709687
311,mili,6.0815,171.735,28.44,76,100,6.54,MH,1729709688
312,tchintabaraden,15.8969,5.7985,35.64,17,41,4.32,NE,1729709689
313,waitara,-38.925,174.25,13.33,79,0,5.16,NZ,1729709690
314,susuman,62.7833,148.1667,-24.35,100,100,0.18,RU,1729709692
315,kapa'a,22.0752,-159.319,26.18,91,40,1.54,US,1729709695
316,nikolayevsk-on-amure,53.1406,140.73,1.66,97,100,5.89,RU,1729709696
317,illizi,26.4833,8.4667,27.25,30,0,2.8,DZ,1729709697
318,hamilton,39.1834,-84.5333,26.22,47,0,5.14,US,1729709618
319,kuusamo,65.9667,29.1833,5.02,81,100,4.12,FI,1729709699
320,aykhal,66.0,111.5,-16.26,99,99,1.46,RU,1729709700
321,prince rupert,54.3161,-130.3201,7.83,92,100,12.35,CA,1729709701
322,mogadishu,2.0371,45.3438,26.11,89,14,6.96,SO,1729709703
323,santa cruz,-17.8,-63.1667,33.03,58,40,9.26,BO,1729709509
324,jeremie,18.65,-74.1167,29.0,78,99,1.8,HT,1729709705
325,maun,-19.9833,23.4167,28.86,10,0,3.53,BW,1729709707
326,terrace,54.5163,-128.6035,5.95,93,100,5.14,CA,1729709708
327,howard springs,-12.497,131.047,26.95,95,100,2.22,AU,1729709709
328,geraldton,-28.7667,114.6,12.23,87,0,4.12,AU,1729709711
329,port saint john's,-31.6229,29.5448,18.24,89,37,4.35,ZA,1729709712
330,mugia,43.1041,-9.2179,16.62,75,0,3.46,ES,1729709713
331,keren,15.7778,38.4581,22.92,71,100,2.14,ER,1729709714
332,harstad,68.799,16.5293,6.75,97,100,8.05,NO,1729709715
333,tanjung selor,2.8372,117.3642,23.82,90,100,1.46,ID,1729709716
334,ixtapa,20.7,-105.2,31.24,76,81,1.79,MX,1729709693
335,benguela,-12.5763,13.4055,24.09,79,70,1.37,AO,1729709718
336,quillacollo,-17.4,-66.2833,27.04,26,75,3.09,BO,1729709721
337,shimanovsk,52.0,127.7,-5.59,63,86,1.43,RU,1729709722
338,babugarh,28.7167,77.85,22.92,38,0,2.68,IN,1729709723
339,bartica,6.4,-58.6167,32.56,52,100,2.12,GY,1729709707
340,tazovsky,67.4667,78.7,-15.06,91,99,5.0,RU,1729709725
341,tsengel,49.4783,100.8894,-0.21,92,95,2.61,MN,1729709726
342,el porvenir,13.7617,-87.3458,30.61,64,84,0.93,HN,1729709727
343,altai,46.3722,96.2583,4.27,53,25,4.18,MN,1729709728
344,shasta lake,40.6804,-122.3708,21.64,43,100,0.27,US,1729709466
345,fuglafjordur,62.244,-6.814,10.95,92,100,11.88,FO,1729709731
346,tanjay,9.5153,123.1583,26.01,75,100,7.96,PH,1729709732
347,merizo village,13.2658,144.6691,27.77,82,100,6.95,GU,1729709733
348,gorontalo,0.5412,123.0595,23.44,92,49,0.62,ID,1729709504
349,selfoss,63.9331,-20.9971,5.58,97,100,1.7,IS,1729709735
350,qamdo,31.1667,97.2333,1.73,48,5,0.17,CN,1729709736
351,nagqu,31.5,92.0,-2.36,73,64,1.17,CN,1729709737
352,alaghsas,17.0187,8.0168,33.94,14,0,6.17,NE,1729709619
353,nizhneangarsk,55.7833,109.55,-6.03,77,73,2.06,RU,1729709740
354,sirsilla,18.3833,78.8333,22.89,74,97,1.82,IN,1729709741
355,la passe,45.5549,-0.8967,14.92,79,0,3.59,FR,1729709743
356,san marcos,33.1434,-117.1661,29.62,41,0,3.6,US,1729709465
357,kharakvasla,18.4333,73.7667,22.42,77,26,1.45,IN,1729709745
358,san pedro pochutla,15.7333,-96.4667,32.62,69,99,2.86,MX,1729709746
359,nelson bay,-32.7167,152.15,20.0,76,1,4.92,AU,1729709748
360,besikduzu,41.052,39.2284,12.17,80,86,2.07,TR,1729709749
361,geidam,12.897,11.9304,30.3,12,12,3.47,NG,1729709750
362,ciudad lazaro cardenas,17.9583,-102.2,29.98,70,23,3.88,MX,1729709482
363,lovington,32.944,-103.3485,29.46,16,0,1.34,US,1729709752
364,gazipasa,36.2694,32.3179,17.05,59,0,2.57,TR,1729709753
365,uturoa,-16.7333,-151.4333,26.95,80,100,6.55,PF,1729709754
366,byron bay,-28.65,153.6167,18.01,97,98,1.91,AU,1729709755
367,puerto baquerizo moreno,-0.9,-89.6,24.55,73,40,7.2,EC,1729709738
368,lata,40.1629,-8.3327,17.29,71,0,1.81,PT,1729709759
369,guerrero negro,27.9769,-114.0611,24.83,53,0,6.12,MX,1729709760
370,tenno,39.9,139.9667,17.48,70,39,9.44,JP,1729709761
371,mokhsogollokh,61.4681,128.9203,-10.45,96,94,2.58,RU,1729709762
372,san andres,12.5847,-81.7006,31.01,70,20,3.09,CO,1729709702
373,mandal,25.45,74.5667,24.59,26,1,3.32,IN,1729709552
374,yuzhno-kurilsk,44.0306,145.8556,16.35,90,100,9.06,RU,1729709766
375,tupiza,-21.45,-65.7167,26.23,6,5,6.93,BO,1729709767
376,culebra,18.303,-65.301,32.22,70,15,0.89,PR,1729709768
377,ketchikan,55.3422,-131.6461,7.99,93,100,2.06,US,1729709678
378,inirida,3.8653,-67.9239,30.56,64,100,1.59,CO,1729709770
379,uniao da vitoria,-26.23,-51.0864,23.15,94,85,0.64,BR,1729709771
380,puerto cabezas,14.0351,-83.3888,32.98,70,75,6.17,NI,1729709701
381,san vicente de chucuri,6.881,-73.4098,27.29,80,99,2.14,CO,1729709774
382,malpica,43.3228,-8.8105,16.24,100,0,1.63,ES,1729709775
383,kapit,2.0167,112.9333,22.84,98,100,0.67,MY,1729709776
384,banda aceh,5.5577,95.3222,26.91,81,91,4.91,ID,1729709777
385,salaverry,-8.2333,-78.9667,18.21,86,71,4.69,PE,1729709778
386,zabid,14.1951,43.3152,32.26,50,72,1.29,YE,1729709779
387,gadzhiyevo,69.2551,33.3362,2.84,90,17,3.27,RU,1729709780
388,kerikeri,-35.2268,173.9474,9.95,93,24,0.68,NZ,1729709781
389,raduzhny,62.0961,77.475,-0.13,93,100,5.11,RU,1729709784
390,polokwane,-23.9045,29.4688,19.47,83,0,2.06,ZA,1729709785
391,sola,-13.8833,167.55,26.75,79,20,4.62,VU,1729709786
392,sao felix do xingu,-6.6447,-51.995,38.2,25,100,2.59,BR,1729709541
393,ivatsevichy,52.709,25.3401,7.58,81,0,4.19,BY,1729709788
394,tianfu,37.1936,122.0511,9.85,64,0,1.44,CN,1729709789
395,tughyl,47.7252,84.2063,10.08,65,100,0.28,KZ,1729709790
396,kralendijk,12.15,-68.2667,32.99,58,20,7.72,BQ,1729709792
397,mount pearl,47.5166,-52.7813,13.19,60,40,12.86,CA,1729709793
398,natchitoches,31.7668,-93.1335,30.99,35,0,0.0,US,1729709795
399,kulhudhuffushi,6.6221,73.07,27.61,81,100,6.46,MV,1729709796
400,ust-tsilma,65.441,52.1498,5.11,96,100,4.52,RU,1729709797
401,camana,-16.6228,-72.7111,20.61,73,1,5.48,PE,1729709798
402,tisul',55.7611,88.3122,0.79,99,100,1.57,RU,1729709800
403,ribeira brava,32.65,-17.0667,23.17,80,100,0.93,PT,1729709801
404,berezovyy,51.6667,135.7,-1.56,96,100,1.48,RU,1729709802
405,boca do acre,-8.7522,-67.3978,32.12,56,100,2.64,BR,1729709803
406,berbera,10.4396,45.0143,30.88,59,8,1.76,SO,1729709804
407,vilhena,-12.7406,-60.1458,28.12,69,40,1.03,BR,1729709805
408,road town,18.4167,-64.6167,30.02,74,40,2.57,VG,1729709806
409,nova vicosa,-17.8919,-39.3719,26.92,69,0,6.16,BR,1729709807
410,nasir,15.5894,32.5634,34.97,31,100,0.54,SD,1729709809
411,kargopol',61.5071,38.9456,7.25,88,100,3.74,RU,1729709810
412,khash,28.2211,61.2158,21.65,40,0,1.42,IR,1729709811
413,paredon,16.0333,-93.8667,32.62,54,100,4.78,MX,1729709812
414,sao caetano de odivelas,-0.75,-48.02,29.49,62,99,5.72,BR,1729709813
415,abuja,9.0574,7.4898,21.08,81,63,1.12,NG,1729709717
416,callao,-12.0667,-77.15,21.16,68,40,3.09,PE,1729709815
417,mohyliv-podilskyi,48.446,27.7982,10.44,74,33,2.99,UA,1729709816
418,kenora,49.8167,-94.4337,3.54,65,75,6.17,CA,1729709818
419,wuwei,37.9281,102.6414,10.56,27,0,1.25,CN,1729709819
420,toulepleu guere,6.574,-8.4259,22.98,97,100,1.19,CI,1729709820
421,piti village,13.4626,144.6933,27.49,88,20,3.6,GU,1729709821
422,burang,30.25,81.1667,-0.69,64,13,1.87,CN,1729709822
423,vilyuysk,63.7553,121.6247,-11.87,93,100,3.75,RU,1729709823
424,urengoy,65.9667,78.3667,-11.84,87,100,5.48,RU,1729709824
425,pariaman,-0.619,100.12,24.03,85,100,1.91,ID,1729709825
426,cole harbour,44.6724,-63.4751,16.77,89,100,4.12,CA,1729709762
427,mandera,3.9366,41.867,30.21,47,18,3.93,KE,1729709828
428,casas grandes,30.3667,-107.95,29.18,21,5,2.99,MX,1729709829
429,sovetskaya gavan',48.9723,140.2878,5.28,89,100,7.11,RU,1729709831
430,hit,33.6416,42.8251,16.95,25,0,3.78,IQ,1729709833
431,sale,34.0389,-6.8166,21.38,78,75,0.0,MA,1729709835
432,betio village,1.358,172.9211,27.02,74,62,6.3,KI,1729709836
433,nantucket,41.2835,-70.0995,19.06,77,0,5.14,US,1729709760
434,whangarei,-35.7317,174.3239,10.9,91,19,0.89,NZ,1729709838
435,labinsk,44.6342,40.7356,8.29,84,19,2.4,RU,1729709839
436,aral,40.5156,81.2636,12.72,18,65,1.84,CN,1729709840
437,tegal,-6.8694,109.1402,25.78,75,100,3.05,ID,1729709841
438,labytnangi,66.6572,66.4183,-1.79,97,100,4.37,RU,1729709843
439,masina,-4.3836,15.3914,26.77,74,100,0.78,CD,1729709701
440,polyarnyy,69.1989,33.4478,2.8,90,19,3.04,RU,1729709845
441,tamandare,-8.7597,-35.1047,26.79,66,69,4.41,BR,1729709846
442,nadym,65.5333,72.5167,-3.07,93,100,8.09,RU,1729709847
443,broome,42.2506,-75.833,24.38,34,0,8.23,US,1729709849
444,angaur state,6.906,134.13,28.56,76,100,3.73,PW,1729709850
445,vernon,50.2581,-119.2691,9.31,70,7,1.03,CA,1729709851
446,inarajan village,13.2736,144.7484,27.54,82,99,6.96,GU,1729709852
447,mossel bay,-34.1831,22.146,16.96,89,2,6.16,ZA,1729709853
448,tinajo,29.0788,-13.7081,21.49,83,20,4.63,ES,1729709854
449,yeppoon,-23.1333,150.7333,20.43,91,0,1.96,AU,1729709855
450,sao joao da barra,-21.6403,-41.0511,31.05,82,8,9.94,BR,1729709856
451,tvoroyri,61.5556,-6.8111,11.19,91,100,15.31,FO,1729709858
452,magistral'nyy,56.1725,107.4458,-3.5,83,88,3.51,RU,1729709859
453,severnoye,56.3491,78.3619,3.84,81,98,4.65,RU,1729709860
454,chimore,-16.9833,-65.1333,32.06,50,99,1.7,BO,1729709861
455,chilca,-12.5211,-76.7372,18.74,83,77,3.55,PE,1729709862
456,kununurra,-15.7667,128.7333,24.99,94,3,0.51,AU,1729709864
457,qui nhon,13.7667,109.2333,23.49,89,100,3.22,VN,1729709865
458,darovskoy,58.77,47.9564,6.71,82,100,2.51,RU,1729709866
459,laguna,38.421,-121.4238,22.81,43,0,2.06,US,1729709867
460,wabag,-5.4781,143.7021,14.27,99,100,0.28,PG,1729709868
461,fort st. john,56.2499,-120.8529,4.94,52,75,12.35,CA,1729709624
462,taltal,-25.4,-70.4833,19.52,54,12,2.41,CL,1729709870
463,palapag,12.5458,125.1147,25.45,87,100,4.1,PH,1729709871
464,mount isa,-20.7333,139.5,16.87,45,67,0.0,AU,1729709873
465,yangambi,0.8102,24.4336,21.92,97,100,0.41,CD,1729709874
466,queenstown,-31.8976,26.8753,12.97,85,7,0.9,ZA,1729709875
467,pitimbu,-7.4706,-34.8086,26.55,67,56,6.05,BR,1729709876
468,labrador city,52.9463,-66.9114,14.95,66,100,29.95,CA,1729709877
469,torghay,49.6339,63.4981,7.94,61,100,5.9,KZ,1729709878
470,praia,14.9215,-23.5087,27.3,74,20,5.14,CV,1729709762
471,gizo,-8.103,156.8419,27.33,79,100,3.95,SB,1729709880
472,mazagao,-0.115,-51.2894,35.03,37,100,3.43,BR,1729709882
473,portland,45.5234,-122.6762,11.3,88,100,1.54,US,1729709713
474,seven pagodas,12.6264,80.1722,28.24,66,76,0.63,IN,1729709884
475,qom,34.6401,50.8764,10.91,55,0,5.89,IR,1729709598
476,kashkhatau,43.3185,43.608,6.31,68,15,1.67,RU,1729709886
477,huarmey,-10.0681,-78.1522,21.33,75,22,5.18,PE,1729709820
478,tamanrasset,22.785,5.5228,26.95,18,0,3.09,DZ,1729709888
479,nerchinsk,51.9833,116.5833,-7.67,95,100,1.79,RU,1729709890
480,amalapuram,16.5833,82.0167,22.58,80,100,1.29,IN,1729709891
481,upata,8.0086,-62.3989,34.19,35,77,3.66,VE,1729709892
482,mosfellsbaer,64.1667,-21.7,7.08,63,75,3.6,IS,1729709893
483,san luis,-33.295,-66.3356,14.01,93,98,6.65,AR,1729709894
484,aioun,16.6614,-9.6149,32.98,14,0,4.34,MR,1729709895
485,daru,-9.0763,143.2092,24.78,75,100,4.85,PG,1729709896
486,jolo,6.05,121.0167,26.17,90,100,2.43,PH,1729709898
487,babolsar,36.7025,52.6576,15.9,60,100,2.0,IR,1729709899
488,port blair,11.6667,92.75,26.02,94,75,1.03,IN,1729709900
489,lihue,21.9789,-159.3672,25.77,87,40,1.54,US,1729709901
490,lakatoro,-16.0999,167.4164,25.33,83,10,1.84,VU,1729710386
491,priargunsk,50.3691,119.1012,-1.98,86,99,2.22,RU,1729710387
492,moapa valley,36.5805,-114.4703,27.63,16,0,0.73,US,1729710388
493,crieff,56.3727,-3.8389,11.53,92,100,3.57,GB,1729710389
494,cidade velha,14.9167,-23.6167,26.26,78,20,4.63,CV,1729710390
495,talakan,50.3167,130.3667,-2.87,72,10,3.19,RU,1729710391
496,tefe,-3.3542,-64.7114,33.06,55,40,4.12,BR,1729710392
497,dabakala,8.3667,-4.4333,25.1,90,100,1.75,CI,1729710395
498,eyl,7.9803,49.8164,26.64,84,34,6.9,SO,1729710396
499,berlin,52.5244,13.4105,14.48,78,99,1.34,DE,1729710328
500,miandrivazo,-19.5167,45.4667,27.25,56,76,0.3,MG,1729710530
501,minot air force base,48.4209,-101.3391,15.05,36,0,9.26,US,1729710532
502,srandakan,-7.9386,110.2506,26.04,80,100,1.69,ID,1729710533
503,marshalltown,42.0494,-92.908,15.21,46,0,5.14,US,1729710534
504,es castell,39.8795,4.2854,18.38,88,20,2.57,ES,1729710535
505,cova figueira,14.8905,-24.2934,20.22,80,38,4.35,CV,1729710536
506,paita,-5.0892,-81.1144,21.69,73,48,7.51,PE,1729710392
507,quatre cocos,-20.2078,57.7625,23.38,74,50,9.2,MU,1729710540
508,tsiombe,-25.3,45.4833,24.55,63,47,4.17,MG,1729710435
509,salym,60.0625,71.4789,1.65,98,100,2.76,RU,1729710543
510,griffith,41.5284,-87.4237,17.19,43,0,5.14,US,1729710544
511,manzhouli,49.6,117.4333,-1.37,74,100,2.51,CN,1729710545
512,liman,48.9884,37.8023,10.78,57,0,3.94,UA,1729710546
513,kaintragarh,20.7167,84.5333,21.98,67,98,2.59,IN,1729710547
514,port macquarie,-31.4333,152.9167,16.15,97,100,0.45,AU,1729710548
515,noshiro,40.2039,140.0242,15.85,76,98,8.19,JP,1729710549
516,xai-xai,-25.0519,33.6442,20.97,89,6,4.02,MZ,1729710550
517,isoka,-10.1606,32.6335,21.9,40,22,1.49,ZM,1729710552
518,alesund,62.4723,6.1549,12.08,94,75,11.32,NO,1729710553
519,qingdao,36.0986,120.3719,15.07,49,0,1.08,CN,1729710555
520,pangody,65.85,74.4859,-6.01,94,100,7.26,RU,1729710556
521,moyynkum,44.2914,72.9469,8.94,63,93,1.33,KZ,1729710557
522,tibro,58.4245,14.1616,10.43,82,100,2.68,SE,1729710558
523,ta`u,-14.2336,-169.5144,25.4,91,100,8.25,AS,1729710559
524,male,4.1748,73.5089,27.96,78,69,6.58,MV,1729710560
525,mar del plata,-38.0023,-57.5575,18.01,88,0,4.12,AR,1729710382
526,luanco,43.6152,-5.7934,17.89,87,0,0.45,ES,1729710563
527,uglegorsk,49.0833,142.0333,10.65,87,100,6.0,RU,1729710564
528,kachug,53.9606,105.8817,-1.58,79,100,1.91,RU,1729710565
529,ban karon,7.8477,98.2985,29.88,86,99,3.85,TH,1729710566
530,bubaque,11.2833,-15.8333,28.19,76,43,3.24,GW,1729710567
531,nogliki,51.8333,143.1667,6.86,98,100,10.1,RU,1729710568
532,hazorasp,41.3194,61.0742,10.76,50,2,2.87,UZ,1729710570
533,nuevo ideal,24.8875,-105.0728,24.42,29,1,3.06,MX,1729710571
534,osh,40.5151,72.8083,9.36,93,75,0.0,KG,1729710572
535,lake monticello,37.9232,-78.3347,27.56,47,0,0.89,US,1729710573
536,nili,33.7218,66.1302,11.62,49,14,0.47,AF,1729710574
537,hargeysa,9.56,44.065,23.57,44,64,4.26,SO,1729710283
538,harran,36.86,39.0314,15.11,26,0,3.31,TR,1729710576
539,palikir - national government center,6.9248,158.1611,28.63,71,100,6.41,FM,1729710578
540,naracoorte,-36.9579,140.7383,8.83,80,93,3.35,AU,1729710579
541,santa barbara,34.7333,-120.0343,29.02,28,0,2.4,US,1729710427
542,kourou,5.1552,-52.6478,27.41,75,100,3.05,GF,1729710581
543,porto novo,6.4965,2.6036,26.24,84,89,2.65,BJ,1729710582
544,adis zemen,12.1167,37.7833,15.93,88,49,0.8,ET,1729710583
545,sandnessjoen,66.0217,12.6316,6.06,93,75,2.57,NO,1729710584
546,tionk essil,12.7856,-16.5217,26.65,83,71,3.74,SN,1729710585
547,geringswalde,51.0833,12.9167,8.05,93,2,2.98,DE,1729710587
548,pacific grove,36.6177,-121.9166,20.79,74,0,4.02,US,1729710588
549,kristiansund,63.1115,7.732,12.36,87,75,10.29,NO,1729710589
550,chhor,25.5167,69.7667,30.91,28,0,3.86,PK,1729710590
551,khanty-mansiysk,61.0042,69.0019,2.06,100,100,3.0,RU,1729710591
552,buchanan,5.8808,-10.0467,25.31,89,100,3.43,LR,1729710592
553,zeya,53.75,127.2667,-8.66,92,93,1.53,RU,1729710593
554,ain sefra,32.75,-0.5833,19.02,38,100,2.32,DZ,1729710595
555,lukolela,-1.0605,17.1821,23.78,93,100,0.88,CD,1729710596
556,fazilka,30.4,74.0333,24.52,24,0,1.13,IN,1729710597
557,tamala,52.541,43.2515,11.32,62,100,7.88,RU,1729710598
558,ruteng,-8.6136,120.4721,16.73,80,6,0.68,ID,1729710599
559,illela,13.7292,5.2975,34.22,19,40,4.04,NG,1729710600
560,irtyshsk,53.3333,75.4572,4.21,61,97,5.55,KZ,1729710601
561,marco,25.9726,-81.729,30.57,57,3,5.3,US,1729710603
562,hawkesbury,45.6001,-74.616,17.9,61,100,6.0,CA,1729710604
563,peterhead,57.5058,-1.7981,11.9,87,100,9.69,GB,1729710604
564,al khaburah,23.9886,57.0984,29.12,68,3,1.58,OM,1729710606
565,puerto aysen,-45.4,-72.7,20.32,50,8,2.38,CL,1729710607
566,don sak,9.3168,99.6918,26.49,79,100,0.6,TH,1729710608
567,mao,39.8885,4.2658,18.31,88,20,2.57,ES,1729710609
568,asbe teferi,9.0833,40.8667,19.42,48,42,1.61,ET,1729710610
569,zhengjiatun,43.5064,123.5064,4.01,71,6,3.79,CN,1729710581
570,fassberg,52.9,10.1667,5.01,93,100,0.51,DE,1729710613
571,viedma,-40.8135,-62.9967,28.28,22,100,8.23,AR,1729710614
572,pontal do parana,-25.6533,-48.5128,23.66,91,100,0.89,BR,1729710615
573,lae,-6.7221,146.9847,22.99,93,100,0.33,PG,1729710555
574,bahia de kino,28.8333,-111.9333,30.58,36,1,2.42,MX,1729710617
575,kondoa,-4.9,35.7833,22.31,51,13,3.95,TZ,1729710618
576,shenjiamen,29.9576,122.298,18.25,68,0,6.89,CN,1729710621
577,brokopondo,4.75,-55.1667,31.31,60,78,4.06,SR,1729710622
578,karratha,-20.7377,116.8463,28.35,39,100,3.4,AU,1729710623
